,Gender,Married,Dependents,Education,Self_Employed,ApplicantIncome,CoapplicantIncome,LoanAmount,Loan_Amount_Term,Credit_History,Property_Area
count,491.0,491.0,491.0,491.0,491.0,491.0,491.0,490.0,491.0,491.0,491.0
mean,0.8065173116089613,0.6334012219959266,0.745417515274949,0.2219959266802444,0.1446028513238289,5502.645621181263,1676.4886354147454,150.40408163265306,339.9103869653768,0.8391038696537678,1.0366598778004072
std,0.3954309057601705,0.48236708005094114,1.0113409863302112,0.41601227413175224,0.3520586614965047,5932.9513955462735,3177.641499421708,90.20592202158507,68.37800184846533,0.36780986021409157,0.7815997751858667
min,0.0,0.0,0.0,0.0,0.0,150.0,0.0,17.0,12.0,0.0,0.0
25%,1.0,0.0,0.0,0.0,0.0,2918.5,0.0,100.5,360.0,1.0,0.0
50%,1.0,1.0,0.0,0.0,0.0,3900.0,1126.0,130.0,360.0,1.0,1.0
75%,1.0,1.0,1.0,0.0,0.0,5938.0,2333.0,169.5,360.0,1.0,2.0
max,1.0,1.0,3.0,1.0,1.0,81000.0,41667.0,700.0,480.0,1.0,2.0
